"Ticker","Nome","Negócios","Última (R$)","Variação"
"MGLU3","Magazine Luiza","121.632.600","1,54","+2,67%"
"PETZ3","Petz","104.106.200","4,80","+37,14%"
"PETR4","Petrobras","80.485.500","40,53","+1,71%"
"HAPV3","Hapvida","75.344.000","3,60","+2,86%"
"CPLE6","Copel","60.977.400","9,31","+0,76%"
"BBDC4","Banco Bradesco","49.722.700","13,64","-0,94%"
"COGN3","Cogna","46.131.700","1,97","+1,55%"
"B3SA3","B3","39.338.300","11,18","+0,36%"
"CVCB3","CVC","35.016.000","1,92","+6,67%"
"VALE3","Vale","32.678.100","63,36","+1,64%"
"EQTL3","Equatorial Energia","31.246.900","31,15","+0,29%"
"PCAR3","Grupo Pão de Açúcar","29.525.900","2,47","+4,66%"
"ITUB4","Itaú Unibanco","26.914.400","31,55","-0,57%"
"ABEV3","Ambev","25.809.500","11,95","-0,08%"
"SEQL3","Sequoia Logística","24.431.000","0,45","+7,14%"
"CMIG4","CEMIG","23.739.100","13,11","+0,38%"
"USIM5","Usiminas","22.935.600","10,33","+3,92%"
"RAIZ4","Raízen","21.783.500","3,02","+3,07%"
"AZUL4","Azul","20.029.800","9,94","-1,29%"
"OIBR3","Oi","19.028.500","0,70","-1,41%"
"PETR3","Petrobras","18.507.600","42,72","+4,07%"
"AMER3","Americanas","18.438.300","0,52","+0,00%"
"BBAS3","Banco do Brasil","18.308.900","27,71","-0,79%"
"LREN3","Lojas Renner","16.429.600","15,65","+1,56%"
"GGBR4","Gerdau","15.970.900","19,22","+2,40%"
"CIEL3","Cielo","15.519.200","5,54","+1,28%"
"MRVE3","MRV","14.892.900","6,57","+2,34%"
"ITSA4","Itaúsa","14.632.500","9,53","-0,10%"
"RADL3","RaiaDrogasil","13.722.900","25,45","+2,21%"
"SOMA3","Grupo Soma","13.638.200","6,09","+1,67%"
"RENT3","Localiza","12.900.900","50,27","-1,26%"
"GOLL4","GOL","12.860.100","1,37","-2,84%"
"ASAI3","Assaí","12.837.800","13,38","+1,52%"
"CYRE3","Cyrela","12.289.000","20,89","+1,61%"
"IFCM3","Infracommerce","12.024.400","0,70","-1,41%"
"EGIE3","Engie","11.944.400","39,90","-1,21%"
"GOAU4","Metalúrgica Gerdau","11.116.200","10,98","+3,00%"
"QUAL3","Qualicorp","11.033.200","1,47","+8,89%"
"RAIL3","Rumo","10.744.700","21,25","+0,71%"
"NEOE3","Neoenergia","10.697.800","19,57","-1,26%"
"CSNA3","Siderúrgica Nacional","10.469.900","14,68","+3,31%"
"CMIN3","CSN Mineração","10.258.100","5,30","+0,95%"
"PRIO3","PetroRio","10.134.000","48,80","-0,89%"
"MRFG3","Marfrig","9.602.800","9,80","+0,82%"
"CPLE3","Copel","9.581.000","8,48","+2,29%"
"BEEF3","Minerva","9.186.300","6,08","-0,33%"
"NTCO3","Natura","8.915.900","16,09","+0,00%"
"RDOR3","Rede D'Or","8.873.400","24,45","+4,85%"
"VAMO3","Grupo Vamos","8.752.600","7,39","-0,54%"
"STBP3","Santos Brasil","8.639.800","13,15","+2,18%"
"BRFS3","BRF","8.580.200","17,05","+0,00%"
"CSAN3","Cosan","8.292.100","14,42","+0,35%"
"ALPA4","Alpargatas","8.245.500","9,00","+5,88%"
"WEGE3","WEG","8.186.700","38,55","-0,13%"
"ECOR3","EcoRodovias","8.024.800","7,49","-0,13%"
"TOTS3","Totvs","7.691.000","28,10","+1,22%"
"TIMS3","TIM","7.572.900","17,29","+0,88%"
"BHIA3","Casas Bahia","7.234.300","6,22","+0,32%"
"JBSS3","JBS","7.130.100","22,12","-1,38%"
"BRAP4","Bradespar","7.025.200","21,19","+2,76%"
"ELET3","Eletrobras","6.955.800","37,80","-0,32%"
"EMBR3","Embraer","6.942.600","30,92","-2,86%"
"SBSP3","Sabesp","6.800.300","84,49","+2,08%"
"CCRO3","Grupo CCR","6.717.900","12,65","-0,78%"
"ENEV3","Eneva","6.694.700","12,27","+0,41%"
"CEAB3","C&A","6.609.900","10,72","+7,20%"
"SIMH3","Simpar","6.598.600","6,27","+0,16%"
"AURE3","Auren Energia","6.568.000","11,81","+0,17%"
"POMO4","Marcopolo","6.548.900","7,13","-1,25%"
"RRRP3","3R Petroleum","6.479.100","32,90","-0,03%"
"HBSA3","Hidrovias do Brasil","6.343.100","4,14","+0,98%"
"ANIM3","Ânima Educação","6.152.000","3,39","+1,80%"
"VBBR3","Vibra Energia","6.070.700","23,30","-3,48%"
"MULT3","Multiplan","5.954.300","24,08","+0,80%"
"SUZB3","Suzano","5.928.400","61,21","+0,76%"
"PDGR3","PDG Realty","5.573.100","0,24","-7,69%"
"RAPT4","Randon","5.420.500","12,10","-2,02%"
"ALOS3","ALOS3","5.094.800","21,71","+0,28%"
"LWSA3","Locaweb","4.899.600","4,87","+0,00%"
"HYPE3","Hypera","4.854.100","28,35","-0,18%"
"BBDC3","Banco Bradesco","4.832.800","12,07","-0,74%"
"RECV3","PetroRecôncavo","4.788.500","21,15","+4,39%"
"AESB3","AES Brasil","4.682.900","9,19","-0,11%"
"CPFE3","CPFL Energia","4.389.000","34,93","+0,63%"
"TRPL4","Transmissão Paulista","4.273.100","25,25","-2,66%"
"YDUQ3","YDUQS","4.263.900","14,03","+0,00%"
"CBAV3","CBA","4.103.000","5,11","+2,61%"
"GMAT3","Grupo Mateus","4.062.200","7,50","+2,60%"
"JHSF3","JHSF","3.939.500","4,28","+3,38%"
"SLCE3","SLC Agrícola","3.905.000","18,79","+3,07%"
"BBSE3","BB Seguridade","3.830.500","32,96","+0,95%"
"LJQQ3","Lojas Quero-Quero","3.674.600","4,74","+0,42%"
"CSMG3","COPASA","3.580.400","21,53","+2,67%"
"DXCO3","Dexco","3.575.200","7,21","+0,28%"
"CRFB3","Carrefour Brasil","3.254.600","11,35","+0,71%"
"EZTC3","EZTEC","3.132.400","13,58","+1,42%"
"BPAN4","Banco Pan","3.124.800","9,19","+1,32%"
"SMFT3","Smart Fit","2.768.800","23,86","+1,79%"
"FLRY3","Fleury","2.759.200","14,04","+1,23%"
"TEND3","Construtora Tenda","2.669.300","12,02","+3,53%"
"GUAR3","Guararapes","2.659.700","7,32","+2,95%"
"MLAS3","Multilaser","2.620.300","2,09","+2,45%"
"CASH3","Méliuz","2.558.900","4,62","+5,00%"
"UGPA3","Ultrapar","2.551.200","26,57","+0,08%"
"SMTO3","São Martinho","2.537.300","27,98","+0,76%"
"AZEV4","Azevedo & Travassos","2.501.800","1,41","-2,08%"
"ARZZ3","Arezzo","2.457.100","51,49","+1,68%"
"ONCO3","Oncoclínicas","2.452.000","6,95","+2,66%"
"ENAT3","Enauta","2.297.900","26,60","+0,83%"
"SBFG3","Grupo SBF","2.226.400","11,66","+1,57%"
"DIRR3","Direcional","2.159.200","22,27","-1,11%"
"CURY3","Cury","2.147.700","18,67","-0,69%"
"VIVT3","Vivo","2.146.600","48,71","-0,04%"
"CXSE3","Caixa Seguridade","2.144.500","15,55","+0,58%"
"MOVI3","Movida","2.092.100","7,51","+1,21%"
"PSSA3","Porto Seguro","2.065.600","29,62","-0,03%"
"CLSA3","ClearSale","2.039.900","7,76","-2,76%"
"BRKM5","Braskem","1.930.300","22,30","-0,49%"
"ODPV3","Odontoprev","1.877.300","10,85","+0,18%"
"SRNA3","SRNA3","1.633.100","8,84","+2,20%"
"MILS3","Mills","1.612.600","13,22","+1,38%"
"VIVA3","Vivara","1.572.400","22,16","+0,91%"
"GGPS3","GPS","1.517.300","18,72","+0,92%"
"SOJA3","Boa Safra Sementes","1.407.800","16,95","+2,05%"
"INTB3","Intelbras","1.324.900","18,63","+0,98%"
"POSI3","Positivo","1.323.700","9,66","+0,52%"
"SAPR4","Sanepar","1.298.400","5,12","+2,40%"
"OPCT3","OceanPact","1.285.500","6,28","+2,95%"
"GFSA3","Gafisa","1.262.900","5,77","-0,86%"
"RCSL4","Recrusul","1.250.800","0,50","+0,00%"
"BRSR6","Banrisul","1.247.500","12,40","+0,49%"
"MATD3","Mater Dei","1.209.400","5,69","+2,89%"
"KEPL3","Kepler Weber","1.125.400","10,01","+2,35%"
"GRND3","Grendene","1.120.600","6,00","+1,18%"
"TTEN3","3tentos","1.115.600","9,75","-0,31%"
"ZAMP3","Zamp","1.109.100","3,51","+8,67%"
"MYPK3","Iochpe-Maxion","1.087.500","12,42","-2,05%"
"AMBP3","Ambipar","1.083.500","10,62","+2,02%"
"MTRE3","Mitre Realty","1.074.500","4,54","+3,42%"
"MDNE3","Moura Dubeux","1.056.100","12,27","+2,85%"
"RCSL3","Recrusul","1.033.600","1,53","+6,99%"
"ELET6","Eletrobras","1.007.200","42,73","+0,23%"
"JALL3","Jalles Machado","996.300","7,18","+0,56%"
"ESPA3","Espaçolaser","970.800","0,90","+0,00%"
"ARML3","Armac","938.900","10,42","+0,29%"
"PGMN3","Pague Menos","931.600","2,67","+6,37%"
"IRBR3","IRB Brasil RE","928.800","39,65","+0,18%"
"BRIT3","Brisanet","923.600","4,23","-0,24%"
"AERI3","Aeris Energy","912.200","0,57","+3,64%"
"RANI3","Irani","892.900","9,30","+2,54%"
"FESA4","Ferbasa","884.000","8,28","+2,22%"
"PORT3","Wilson Sons","835.800","16,75","-0,30%"
"ABCB4","Banco ABC Brasil","822.400","22,95","+2,91%"
"CAML3","Camil Alimentos","754.400","8,00","+0,50%"
"AGRO3","BrasilAgro","746.700","26,63","+6,18%"
"PLPL3","Plano&Plano","708.700","11,64","+2,56%"
"ENJU3","Enjoei","706.900","1,98","+1,02%"
"VULC3","Vulcabras","692.200","15,94","+0,25%"
"EVEN3","Even","687.800","7,26","-1,36%"
"KRSA3","Kora Saúde","678.000","0,76","+8,57%"
"HBRE3","HBR Realty","674.100","5,30","+2,71%"
"SEER3","Ser Educacional","662.300","5,40","+2,47%"
"MDIA3","M. Dias Branco","646.600","34,30","+0,23%"
"PFRM3","Profarma","627.800","5,74","+5,32%"
"KLBN4","Klabin","626.500","4,93","+1,65%"
"MBLY3","Mobly","614.800","2,37","+3,04%"
"AMAR3","Lojas Marisa","604.300","1,67","+7,05%"
"TUPY3","Tupy","585.900","26,93","-0,59%"
"LAVV3","Lavvi Incorporadora","584.400","8,60","-0,35%"
"TASA4","Taurus","574.800","12,31","+1,74%"
"TRIS3","Trisul","571.700","4,58","-0,87%"
"VVEO3","Viveo","557.000","6,34","+0,16%"
"PTBL3","Portobello","542.200","6,03","+2,38%"
"PINE4","PINE","508.300","4,61","+2,44%"
"SHUL4","Schulz","499.500","6,14","-1,76%"
"BIOM3","Biomm","473.300","17,10","+5,43%"
"DASA3","Dasa","458.900","4,24","+0,71%"
"RNEW4","Renova Energia","455.800","1,01","-0,98%"
"PRNR3","Priner","448.300","12,57","+0,56%"
"BMGB4","Banco BMG","405.000","3,35","+1,52%"
"NGRD3","Neogrid","384.200","1,03","+5,10%"
"UNIP6","Unipar","379.400","56,35","-6,80%"
"HBOR3","Helbor","375.400","2,65","+1,92%"
"CMIG3","CEMIG","370.100","15,21","+0,66%"
"PNVL3","Dimed","359.800","11,13","-0,09%"
"WIZC3","Wiz Soluções","358.000","7,14","+0,99%"
"VITT3","Vittia","351.500","5,59","-0,89%"
"BMOB3","Bemobi","339.900","12,50","+0,40%"
"LIGT3","Light","307.800","5,10","-0,20%"
"SYNE3","SYN","305.500","8,60","+1,42%"
"ROMI3","Indústrias ROMI","305.200","10,90","-0,09%"
"ITUB3","Itaú Unibanco","304.800","27,43","-0,40%"
"LEVE3","Mahle Metal Leve","296.800","33,41","+1,74%"
"AGXY3","AgroGalaxy","295.700","1,80","-4,26%"
"MEAL3","IMC Alimentação","295.000","1,52","+0,66%"
"SANB4","Banco Santander","294.900","14,31","+2,43%"
"AZEV3","Azevedo & Travassos","287.500","1,47","+1,38%"
"RSID3","Rossi Residencial","282.000","5,29","+12,79%"
"JSLG3","JSL","267.700","12,43","+2,64%"
"TECN3","Technos","259.100","4,59","+6,50%"
"OIBR4","Oi","258.000","1,87","-2,09%"
"USIM3","Usiminas","239.800","9,51","+3,26%"
"VLID3","Valid","237.700","17,62","-0,11%"
"BLAU3","Blau Farmacêutica","227.200","10,29","+0,39%"
"KLBN3","Klabin","227.000","4,88","+1,24%"
"DMVF3","D1000 Varejo Farma","201.300","8,17","+5,15%"
"ETER3","Eternit","200.200","7,68","+2,26%"
"FRAS3","Fras-le","199.900","17,83","+1,89%"
"TAEE4","Taesa","180.000","11,92","+0,08%"
"ORVR3","Orizon","173.700","36,00","+0,28%"
"CSED3","Cruzeiro do Sul Educacional","169.300","3,67","+2,23%"
"SAPR3","Sanepar","168.600","4,84","+1,89%"
"TRAD3","Traders Club","167.200","0,77","-1,28%"
"CAMB3","Cambuci","166.900","10,30","-2,83%"
"SANB3","Banco Santander","165.700","12,62","+2,10%"
"PMAM3","Paranapanema","163.500","2,65","-7,34%"
"LUPA3","Lupatech","155.600","1,58","+0,64%"
"ALLD3","Allied","149.200","7,50","-1,45%"
"TGMA3","Tegma","148.200","24,50","-0,20%"
"LOGG3","LOG CP","139.400","21,69","+1,31%"
"LPSB3","Lopes","138.100","2,05","+0,49%"
"AALR3","Alliança","130.200","10,03","+0,40%"
"DESK3","Desktop","116.900","12,91","-1,22%"
"SGPS3","Springs","116.000","0,75","+0,00%"
"FIQE3","Unifique","102.800","3,78","+0,80%"
"UCAS3","Unicasa","98.600","2,36","-2,48%"
"POMO3","Marcopolo","97.200","5,60","+0,54%"
"ELMD3","Eletromidia","93.900","17,88","-0,39%"
"ALPK3","Estapar","93.600","4,05","+1,25%"
"INEP3","Inepar","84.500","3,43","-6,79%"
"EUCA4","Eucatex","83.900","16,18","+6,10%"
"TAEE3","Taesa","83.300","11,85","+0,25%"
"JFEN3","João Fortes","80.900","1,65","-1,20%"
"ITSA3","Itaúsa","78.700","9,60","+0,31%"
"MELK3","Melnick","77.300","4,55","+0,00%"
"TFCO4","Track & Field","76.700","11,44","+2,42%"
"EMAE4","EMAE","75.000","54,40","-28,42%"
"SHOW3","Time For Fun","74.400","2,52","+1,20%"
"NINJ3","GetNinjas","72.800","5,18","+1,57%"
"GGBR3","Gerdau","71.400","16,95","+0,77%"
"TCSA3","Tecnisa","70.400","2,47","-1,59%"
"INEP4","Inepar","65.000","2,97","-4,81%"
"RNEW3","Renova Energia","60.700","1,05","+0,00%"
"CSUD3","CSU Cardsystem","60.300","17,62","-0,34%"
"PDTC3","Padtec","56.900","2,28","-0,87%"
"BRAP3","Bradespar","54.500","20,27","+1,50%"
"LVTC3","WDC Networks","54.000","3,87","+4,03%"
"DEXP3","Dexxos","48.600","10,66","+2,80%"
"GOAU3","Metalúrgica Gerdau","48.200","11,02","+0,18%"
"LAND3","Terra Santa","43.000","15,00","-0,99%"
"WEST3","Westwing","39.300","1,21","+3,42%"
"ALUP4","Alupar","38.200","9,84","+1,03%"
"ALUP3","Alupar","29.200","10,41","+0,87%"
"LOGN3","Log-In","28.700","37,99","+2,84%"
"VIVR3","Viver","27.400","3,05","+0,33%"
"CTSA4","Santanense","21.800","1,30","-1,52%"
"BOBR4","Bombril","21.700","2,16","+0,47%"
"RAPT3","Randon","21.600","10,07","-1,18%"
"TPIS3","Triunfo","20.300","3,89","+2,37%"
"NUTR3","Nutriplant","19.700","5,23","+2,35%"
"OFSA3","Ourofino Saúde Animal","17.800","21,70","-0,46%"
"ATOM3","ATOM","17.500","2,15","-0,92%"
"DOTZ3","Dotz","17.400","5,45","-1,62%"
"HAGA4","Haga","17.000","1,18","-0,84%"
"TASA3","Taurus","16.200","13,08","+1,40%"
"UNIP3","Unipar","14.300","56,65","-5,24%"
"CLSC4","Celesc","12.100","67,41","-1,14%"
"OSXB3","OSX Brasil","11.100","4,12","+1,23%"
"COCE5","Coelce","11.000","35,51","+2,96%"
"CEBR6","CEB","8.900","20,90","-1,32%"
"IGTI3","Jereissati Participações","7.900","2,97","-1,00%"
"IGTI3","Iguatemi","7.900","2,97","-1,00%"
"APER3","Alper","7.600","44,83","+0,02%"
"BRSR3","Banrisul","6.400","12,40","+0,40%"
"EALT4","Electro Aço Altona","6.200","10,10","+0,10%"
"PLAS3","Plascar","6.200","6,59","-9,73%"
"BEES3","Banestes","5.600","8,80","-0,11%"
"BPAC5","Banco BTG Pactual","5.500","8,18","-0,73%"
"ENGI4","Energisa","4.800","7,90","+1,41%"
"ATMP3","Atma","4.700","2,00","-1,96%"
"CGRA3","Grazziotin","4.300","26,41","+0,04%"
"FIEI3","Fica","3.800","9,95","-0,50%"
"MAPT4","Cemepe","3.800","9,09","-8,18%"
"BAZA3","Banco da Amazônia","3.700","98,88","-1,12%"
"CRPG5","Tronox Pigmentos","3.400","31,04","+1,84%"
"SCAR3","São Carlos","3.300","25,37","+1,52%"
"CTKA4","Karsten","3.300","18,45","-5,38%"
"BPAC3","Banco BTG Pactual","3.300","16,17","-0,19%"
"RPMG3","Refinaria de Manguinhos","3.300","2,09","+3,47%"
"BRKM3","Braskem","3.200","21,66","+0,28%"
"CEBR3","CEB","2.700","21,44","+1,08%"
"MNPR3","Minupar","2.300","18,97","+5,39%"
"BMEB4","Banco Mercantil do Brasil","2.200","22,40","+0,04%"
"VSTE3","LE LIS BLANC","2.200","14,01","-6,60%"
"MTSA4","METISA","1.900","48,47","-0,55%"
"CTNM4","Coteminas","1.900","1,09","+0,93%"
"CGRA4","Grazziotin","1.800","26,60","-0,56%"
"ENGI3","Energisa","1.800","14,75","+1,17%"
"FHER3","Fertilizantes Heringer","1.800","5,05","-0,20%"
"BEES4","Banestes","1.700","9,60","+0,84%"
"WHRL3","Whirlpool","1.700","4,69","-0,85%"
"CEBR5","CEB","1.600","19,63","-0,10%"
"AVLL3","Alphaville","1.600","3,52","-7,12%"
"EPAR3","Embpar Participações","1.500","7,50","+1,35%"
"WHRL4","Whirlpool","1.500","4,65","+0,00%"
"NEXP3","Brasil Brokers","1.500","4,20","+0,00%"
"RDNI3","RNI","1.400","3,59","+1,13%"
"PINE3","PINE","1.300","6,37","+0,00%"
"CTSA3","Santanense","1.300","2,67","+6,37%"
"MGEL4","Mangels","1.100","17,51","-2,67%"
"NORD3","Nordon","1.100","8,60","-4,23%"
"PTNT4","Pettenati","1.100","7,45","+0,54%"
"REDE3","Rede Energia","1.100","7,00","+2,04%"
"CEEB3","COELBA","1.000","38,43","+0,00%"
"CRPG6","Tronox Pigmentos","1.000","29,95","-0,23%"
"CEDO3","Cedro Têxtil","900","32,50","+0,00%"
"RPAD3","Alfa Holdings","900","8,48","+0,59%"
"TRPL3","Transmissão Paulista","800","33,40","+0,54%"
"SNSY3","Sansuy","800","10,80","+2,86%"
"WLMM4","WLM","700","29,30","+0,34%"
"ALPA3","Alpargatas","700","9,12","+3,64%"
"BDLL4","Bardella","600","9,60","+5,26%"
"IGTI4","Iguatemi","600","8,86","+0,23%"
"IGTI4","Jereissati Participações","600","8,86","+0,23%"
"EQMA3B","Equatorial Maranhão","500","29,50","+0,00%"
"PTNT3","Pettenati","500","9,80","-0,31%"
"CGAS5","Comgás","400","114,50","+1,33%"
"MNDL3","Mundial","400","46,69","+6,11%"
"BGIP4","Banese","400","22,61","+0,00%"
"TELB4","Telebras","400","9,38","-2,09%"
"BNBR3","Banco do Nordeste","300","100,00","+0,00%"
"ENMT4","Energisa MT","300","79,99","-0,01%"
"HBTS5","Habitasul","300","42,00","+5,00%"
"BGIP3","Banese","300","25,00","-3,85%"
"BDLL3","Bardella","300","12,01","+0,00%"
"BAHI3","Bahema","300","8,91","+0,00%"
"CTNM3","Coteminas","300","8,65","-1,48%"
"HETA4","Hercules","300","6,39","+5,62%"
"SNSY5","Sansuy","300","6,34","+0,00%"
"BMKS3","Monark","206","434,98","+6,09%"
"MOAR3","Monteiro Aranha","200","380,98","-3,79%"
"RSUL4","Metalúrgica Riosulense","200","77,90","+3,10%"
"EKTR4","Elektro","200","40,30","+0,02%"
"GEPA4","Rio Paranapanema Energia","200","27,00","+1,47%"
"DEXP4","Dexxos","200","10,54","+0,00%"
"EQPA3","Equatorial Energia Pará","200","8,13","+0,87%"
"CGAS3","Comgás","100","115,00","+0,00%"
"ELET5","Eletrobras","100","99,00","+0,00%"
"BMEB3","Banco Mercantil do Brasil","100","23,25","+0,00%"
"EUCA3","Eucatex","100","16,45","+0,00%"
"BRSR5","Banrisul","100","15,80","+3,54%"
"FESA3","Ferbasa","100","15,49","+3,47%"
"BMIN4","Banco Mercantil de Investimentos","100","14,90","-1,32%"
"BSLI4","Banco de Brasília","100","10,09","-1,75%"
"DOHL4","Döhler","100","4,49","+1,13%"
"HAGA3","Haga","100","2,50","+0,00%"
"MAPT3","Cemepe","500","7,00","-6,91%"
"GEPA3","Rio Paranapanema Energia","200","28,00","+0,00%"
"CSRN3","COSERN","200","24,50","+2,08%"
"JOPA3","Josapar","200","21,33","+0,00%"
"HOOT4","Hotéis Othon","200","2,78","-0,71%"
"TELB3","Telebras","100","13,98","+1,30%"
"DMFN3","DM Financeira","100","12,50","+0,00%"
"BALM3","Baumer","100","12,00","+0,00%"
"RPAD5","Alfa Holdings","100","8,30","-1,19%"
"FRTA3","Pomi Frutas","2.000","1,31","-0,76%"
"CEDO4","Cedro Têxtil","800","27,49","+0,92%"
"AFLT3","Afluente T","600","7,56","+0,00%"
"TEKA3","Teka","500","50,00","+0,00%"
"BAUH4","Excelsior","300","78,78","+0,01%"
"ENMT3","Energisa MT","100","76,00","+5,26%"
"CALI3","Adolpho Lindenberg","100","28,38","-2,14%"
"EALT3","Electro Aço Altona","100","9,88","+0,00%"
"RPAD6","Alfa Holdings","100","8,48","+0,59%"
"DTCY3","Dtcom","100","4,70","+0,00%"
"PEAB3","Participações Aliança da Bahia","1.500","45,00","+12,64%"
"PEAB4","Participações Aliança da Bahia","1.400","49,59","+9,57%"
"ESTR4","Estrela","1.000","2,09","-0,48%"
"UNIP5","Unipar","200","64,01","-1,69%"
"AHEB6","São Paulo Turismo","100","20,00","+17,51%"
"AHEB3","São Paulo Turismo","100","19,00","+0,00%"
"BSLI3","Banco de Brasília","100","9,91","+7,14%"
"MWET4","Wetzel","100","5,29","+1,15%"
"LIPR3","Eletropar","500","50,00","-3,66%"
"CPLE5","Copel","200","19,91","+0,00%"
"CSRN6","COSERN","100","22,96","-4,33%"
"CBEE3","Ampla Energia","100","11,80","-1,17%"
"MERC4","Mercantil do Brasil Financeira","100","7,71","+2,80%"
"CLSC3","Celesc","600","68,40","+2,87%"
"SOND5","Sondotécnica","100","55,31","+1,21%"
"GSHP3","General Shopping & Outlets","100","10,80","+0,00%"
"SOND6","Sondotécnica","200","60,00","+3,48%"
"CSRN5","COSERN","100","26,00","+6,56%"
"CEED4","CEEE D","100","25,00","+0,00%"
"MWET3","Wetzel","100","11,11","-16,47%"
"BALM4","Baumer","200","10,49","+0,00%"
"DOHL3","Döhler","100","6,44","-0,46%"
"MRSA6B","MRS Logística","200","26,06","+0,00%"
"USIM6","Usiminas","200","15,00","-11,24%"
"EKTR3","Elektro","100","45,35","-9,30%"
"MRSA5B","MRS Logística","100","26,06","+0,00%"
"MRSA3B","MRS Logística","400","28,00","+0,00%"
"LUXM4","Trevisa","200","15,70","+0,06%"
"EMAE3","EMAE","100","70,00","+16,65%"
"CTKA3","Karsten","300","19,00","-5,00%"
"FRIO3","Metalfrio","200","301,00","-0,33%"
"TKNO4","Tekno","100","68,00","-1,43%"
"BRIV4","Alfa Investimento","700","12,54","+0,08%"
"CRIV4","Alfa Financeira","90.000","6,74","+0,15%"
"CRPG3","Tronox Pigmentos","500","33,80","-4,79%"
"BRGE3","Consórcio Alfa","100","13,50","+0,00%"
"BRIV3","Alfa Investimento","3.000","12,86","+0,23%"
"BRGE6","Consórcio Alfa","400","12,92","+0,16%"
"PATI3","Panatlântica","100","29,90","+7,94%"
"EQPA6","Equatorial Energia Pará","600","9,00","+0,00%"
"CRIV3","Alfa Financeira","300","6,98","+0,14%"
"BRKM6","Braskem","100","15,18","-5,07%"
"BRGE12","Consórcio Alfa","100","13,47","-0,88%"
"BRGE11","Consórcio Alfa","300","13,18","+0,08%"
"GPAR3","CELGPAR","100","47,50","+11,06%"
"PATI4","Panatlântica","300","33,00","+3,12%"
"TEKA4","Teka","700","40,95","+2,38%"
"MSPA4","Melhoramentos","2.100","37,00","-2,63%"
"WLMM3","WLM","200","22,81","-6,32%"
"EQPA7","Equatorial Energia Pará","8.000","7,51","+0,00%"
"BRGE5","Consórcio Alfa","100","13,18","+0,08%"
"BRGE8","Consórcio Alfa","400","13,17","+12,95%"
"MSPA3","Melhoramentos","100","43,00","+0,00%"
"CEEB5","COELBA","100","36,86","+0,03%"
"BRGE7","Consórcio Alfa","500","13,07","-3,54%"
"EQPA5","Equatorial Energia Pará","100","7,50","+0,00%"
"JOPA4","Josapar","200","35,00","+3,55%"
"BMIN3","Banco Mercantil de Investimentos","100","20,01","+0,00%"
"COCE3","Coelce","100","50,99","+8,49%"
"CEGR3","Naturgy (CEG)","300","68,00","-20,00%"
"ESTR3","Estrela","200","7,60","-5,00%"
"AHEB5","São Paulo Turismo","100","16,61","+0,00%"
"CEED3","CEEE D","100","22,90","-5,68%"
"CSAB3","Cia. de Seg. Aliança da Bahia","100","30,50","-1,61%"
"CSAB4","Cia. de Seg. Aliança da Bahia","1.600","48,97","+19,47%"
"MEGA3","OMEGA ENERGIA S.A.","2.220.100","9,62","+1,48%"
"SQIA3","Sinqia","1.444.800","27,37","-0,29%"
"ALSO3","Aliansce Sonae","5.883.300","23,33","+2,06%"
"BRPR3","BR Properties","10.600","131,17","+2,48%"
"MTSA3","METISA","100","79,00","+2,60%"
"SLED4","Saraiva","64.300","1,60","-1,84%"
"SLED3","Saraiva","3.000","3,21","-0,31%"
"VIIA3","VIIA3","213.149.200","0,75","+2,74%"
"ENBR3","EDP Brasil","1.697.900","24,08","+0,12%"
"BOAS3","Boa Vista","23.239.000","7,95","-0,38%"
"MODL3","Banco Modal","16.688.000","3,08","+0,33%"
"MERC3","Mercantil do Brasil Financeira","51.500","15,28","+1,13%"
"CRDE3","CRDE3","400","16,00","+0,00%"
"IGBR3","IGB Eletrônica","700","175,99","+1,14%"
"ODER4","Conservas Oderich","100","100,00","+12,35%"
"PARD3","Hermes Pardini","1.861.800","18,10","+1,29%"
"CASN3","CASAN","100","10,43","-18,39%"
"WIZS3","WIZS3","779.400","7,16","+1,99%"
"LLIS3","LLIS3","249.800","1,73","+2,98%"
"BRML3","BRMalls","16.132.900","8,26","+2,35%"
"DMMO3","Dommo Energia","3.254.800","1,76","-1,12%"
"GETT3","Getnet","46.500","2,40","+1,27%"
"GETT4","Getnet","18.500","2,40","+1,27%"
"SULA4","SulAmérica","18.600","7,63","+5,53%"
"SULA3","SulAmérica","4.000","7,43","+1,50%"
"CEPE5","CELPE","100","40,12","+0,02%"
"TCNO4","Tecnosolo","36.800","0,85","-9,57%"
"TCNO3","Tecnosolo","3.400","1,20","-1,64%"
"CEPE6","CELPE","100","43,00","+6,17%"
"BKBR3","BKBR3","782.300","7,63","+0,26%"
"MTIG4","Metalgráfica Iguaçu","100","23,00","+0,00%"
"BLUT4","Blue Tech Solutions","171.100","1,52","-5,59%"
"BLUT3","Blue Tech Solutions","13.400","5,14","+0,59%"
"MODL4","Banco Modal","700","2,72","-2,16%"
"CARD3","CARD3","118.000","14,51","+1,82%"
"SHUL3","Schulz","100","27,94","-50,12%"
"FIGE3","Investimentos Bemge","100","12,03","+99,83%"
"FNCN3","FNCN3","4.800","14,25","-0,35%"
"HETA3","Hercules","200","96,00","+0,00%"
"LCAM3","Locamerica","26.118.900","24,15","+1,86%"
"BIDI4","Banco Inter","52.479.800","3,41","-2,01%"
"BIDI3","Banco Inter","15.262.400","3,40","-2,58%"
"EEEL4","CEEE GT","100","410,00","-2,88%"
"EEEL3","CEEE GT","400","421,01","+5,25%"
"BBRK3","BBRK3","1.279.600","0,80","+1,27%"
"SOND3","Sondotécnica","200","46,01","+14,45%"
"CESP6","CESP","9.306.600","25,25","+1,41%"
"CESP3","CESP","11.500","25,55","+1,71%"
"CESP5","CESP","300","25,00","+2,75%"
"ECPR4","Encorpar","100","90,74","+0,42%"
"MOSI3","Mosaico","1.021.200","8,24","+3,00%"
"POWE3","Focus Energia","678.000","10,90","-2,24%"
"ECPR3","Encorpar","300","90,25","+12,97%"
"GNDI3","NotreDame Intermédica","33.458.600","65,34","+0,00%"
"LAME4","Lojas Americanas","43.631.000","6,55","+2,02%"
"LAME3","Lojas Americanas","10.941.100","6,62","+2,95%"
"OMGE3","Omega Geração","834.900","27,57","-0,86%"
"IGTA3","IGTA3","1.643.400","33,13","+0,18%"
"JPSA3","JPSA3","100.100","29,02","+1,75%"
"BRDT3","BRDT3","24.483.500","22,03","-5,17%"
"JBDU4","JBDU4","2.556.100","1,36","+3,82%"
"JBDU3","JBDU3","1.890.100","3,12","+9,09%"
"HGTX3","Hering","7.519.800","37,50","-2,65%"
"CCPR3","CCPR3","328.200","10,16","-4,51%"
"DTEX3","DTEX3","2.867.800","20,63","-3,10%"
"VVAR3","VVAR3","64.987.000","11,30","-6,38%"
"PNVL4","Dimed","2.000","18,62","-2,67%"
"TESA3","Terra Santa","41.100","48,00","-2,74%"
"BTOW3","BTOW3","11.169.600","68,00","+4,15%"
"LINX3","Linx","8.510.000","37,40","-0,27%"
"BTTL3","BTTL3","6.100","19,72","-2,33%"
"GPCP3","GPCP3","698.100","49,00","-3,92%"
"GPCP4","GPCP4","5.300","45,51","-1,30%"
"SMLS3","Smiles","1.944.100","22,40","-1,71%"
"MMXM3","MMX Mineração","1.240.300","14,00","-30,35%"
"BSEV3","Biosev","528.800","9,00","+8,43%"
"CNTO3","CNTO3","2.083.600","28,08","+4,78%"
"TIET4","AES Tietê Energia","323.700","3,51","+1,15%"
"TIET3","AES Tietê Energia","169.100","3,49","+0,87%"
"CORR4","Corrêa Ribeiro","100","82,00","+18,84%"
"CEPE3","CELPE","1.300","128,00","+85,32%"
"CALI4","Adolpho Lindenberg","100","50,00","+4,17%"
"SNSY6","Sansuy","100","11,51","+4,64%"
"CASN4","CASAN","100","10,00","-16,67%"
"BPAR3","Banpará","100","182,07","+20,58%"
"APTI4","Aliperti","200","3.500,00","-61,96%"
"VSPT3","FCA","1.000.000","4.999.999,50","+114,29%"
"MTIG3","Metalgráfica Iguaçu","400","156,30","+29,60%"
"FIGE4","Investimentos Bemge","100","38,01","-4,97%"
"LUXM3","Trevisa","200","2,50","+8,23%"
"TKNO3","Tekno","100","85,79","+10,64%"
"COCE6","Coelce","100","35,00","+16,63%"
"MGEL3","Mangels","100","75,00","+8,70%"
"CTSA8","Santanense","2.000","1,00","+0,00%"
"MMAQ4","Minasmáquinas","14","200,06","-28,55%"
